invoice_id,vendor_id,vendor_name,amount,lines_sum,hour,is_new_vendor,vendor_avg_amount,amount_vs_avg_ratio,risk
1,38,"Baker, Mason and White",1191.3320007315117,1191.3320007315117,12,1,943.4119104379274,1.2627909267951694,1
2,18,"Flowers, Martin and Kelly",190.1404614821801,190.1404614821801,14,1,189.82561585428627,1.0016586045380487,1
3,7,Blake and Sons,1813.2216671964445,1813.2216671964445,10,1,1450.8321916499115,1.2497804209420096,1
4,34,Frazier Inc,650.2811799198522,650.2811799198522,11,1,887.1075375483061,0.7330353450913408,1
5,26,Wilkerson-Day,537.635853743418,537.635853743418,12,1,421.02466744797863,1.2769699623593853,1
6,29,"Ross, Robinson and Bright",527.2286751516082,527.2286751516082,13,1,350.98070277483475,1.5021585830313926,1
7,4,Davis and Sons,1106.2306874898384,1106.2306874898384,12,1,1483.6935541603707,0.7455924334158476,1
8,13,Arnold Ltd,1045.7041898155594,1045.7041898155594,16,1,1319.9428885656355,0.7922344208027912,1
9,31,Burton Ltd,2097.8943849560687,2097.8943849560687,11,1,1499.2000482748622,1.3993425276167297,1
10,34,Frazier Inc,736.3178800501422,736.3178800501422,12,0,879.2860193546433,0.8374042846610557,0
11,18,"Flowers, Martin and Kelly",247.78392877214947,247.78392877214947,12,0,185.98271803495498,1.3322954486856091,0
12,33,"Ferrell, Rice and Maddox",613.5793004011184,613.5793004011184,10,1,723.7628116035337,0.8477629557143203,1
13,34,Frazier Inc,1111.2705934772312,1111.2705934772312,15,0,845.19940904309,1.3148028519510906,0
14,16,Galloway-Wyatt,509.59428824931155,509.59428824931155,10,1,552.7486042328504,0.9219277703225828,1
15,36,Rodriguez-Graham,447.44212046924525,447.44212046924525,11,1,405.2302650252839,1.1041675785033667,0
16,12,Dudley Group,2746.273848469581,2746.273848469581,16,1,2018.765643244159,1.3603727890159232,1
17,10,Abbott-Munoz,847.9835626418577,829.4140637245426,18,1,863.9678106506992,0.9814990236768162,1
18,28,"Hoffman, Baker and Richards",151.63024054271045,151.63024054271045,15,1,135.2267015017957,1.1213039943941614,1
19,26,Wilkerson-Day,290.4082986231698,290.4082986231698,18,0,448.49439579467287,0.6475182328836119,0
20,6,"Gardner, Robinson and Lawrence",2289.7890104039902,2289.7890104039902,17,1,2020.9981502207493,1.1329990629402018,1
21,34,Frazier Inc,675.0623756660735,675.0623756660735,13,0,884.8547015713768,0.7629075988038015,0
22,8,"Henderson, Ramirez and Lewis",2108.8961103131414,2108.8961103131414,16,1,1681.5525100090154,1.2541363399361434,1
23,33,"Ferrell, Rice and Maddox",376.6733501165803,387.98200020834645,11,0,753.3760553891009,0.4999805175942809,1
24,1,"Rodriguez, Figueroa and Sanchez",1022.821514708031,1022.821514708031,13,1,1506.6015499756031,0.678893178308886,1
25,32,Carlson-Cruz,1575.2267030203448,1575.2267030203448,13,1,2054.967322992026,0.7665458644504477,1
26,32,Carlson-Cruz,2060.344171136032,2060.344171136032,2,0,2014.540867315719,1.0227363487946233,1
27,32,Carlson-Cruz,1851.7847626038151,1851.7847626038151,18,0,2031.920818026737,0.9113469118359357,0
28,27,Baker and Sons,901.1748115687816,901.1748115687816,17,1,956.438907516213,0.942218896039113,1
29,19,"Adams, Zuniga and Wong",1598.964893920738,1608.3230300498465,13,1,1557.8306189895834,1.0264048442941984,1
30,29,"Ross, Robinson and Bright",418.68236196966274,418.68236196966274,15,0,361.83533409302936,1.1571074533644572,0
31,12,Dudley Group,2191.819489184976,2191.819489184976,10,0,2055.729267196466,1.06620045944771,0
32,32,Carlson-Cruz,2132.3316478315287,2132.3316478315287,16,0,2008.5419109244274,1.0616316424535683,0
33,23,Perez Inc,2232.886327034665,2232.886327034665,14,1,2004.3516915111531,1.114019229505183,1
34,19,"Adams, Zuniga and Wong",1791.8653937499325,1722.964229983845,13,0,1540.2942099142022,1.163326708765427,1
35,21,Gray-Mayo,1495.354868992764,1495.354868992764,16,1,1464.9564922253944,1.0207503614808326,1
36,23,Perez Inc,1799.2877647546109,1799.2877647546109,14,0,2040.484905034491,0.8817942050515668,0
37,2,Doyle Ltd,750.2833543523855,750.2833543523855,8,1,912.3332344870772,0.8223786287629894,1
38,6,"Gardner, Robinson and Lawrence",1508.3650031387563,1508.3650031387563,11,0,2081.1076892411515,0.7247895007724284,0
39,10,Abbott-Munoz,680.0633287767098,680.0633287767098,9,0,884.9578398838427,0.7684697486447187,0
40,5,"Guzman, Hoffman and Baldwin",187.09323706762262,187.09323706762262,16,1,273.9597159732264,0.6829224377130939,1
41,18,"Flowers, Martin and Kelly",171.38828724258457,171.38828724258457,23,0,191.07576080359266,0.8969650913427742,1
42,27,Baker and Sons,1043.7940017582316,1043.7940017582316,8,0,945.4682005785629,1.10399694153595,0
43,27,Baker and Sons,972.4602155184957,972.4602155184957,3,0,950.9554149046965,1.022613889438712,1
44,19,"Adams, Zuniga and Wong",1374.0586480739662,1374.0586480739662,23,0,1578.2766413392899,0.8706069722402855,1
45,35,"Dyer, Potter and Mack",1209.3409822427302,1209.3409822427302,10,1,1078.7236574079752,1.1210850656122722,1
46,23,Perez Inc,2337.34313757489,2344.204872459783,14,0,1995.6469572994677,1.1712207557682495,1
47,4,Davis and Sons,1617.0488973262359,1617.0488973262359,15,0,1444.3998457114171,1.1195299571150141,0
48,31,Burton Ltd,1574.5688372556967,1574.5688372556967,13,0,1564.6157417374088,1.006361367365022,0
49,23,Perez Inc,1352.7369224058807,1358.2855066278569,17,0,2077.6974752302185,0.6510750186361907,1
50,26,Wilkerson-Day,458.6266957492068,458.6266957492068,18,0,429.8034627806688,1.0670614256620048,0
51,23,Perez Inc,1551.5245191775755,1551.5245191775755,9,0,2061.1318421659103,0.752753650900458,0
52,23,Perez Inc,2037.29419642817,2037.29419642817,18,0,2020.6510357283612,1.0082365338722674,0
53,4,Davis and Sons,979.993066982416,979.993066982416,14,0,1493.4041403532492,0.6562142426835705,0
54,23,Perez Inc,2713.4156532911384,2713.4156532911384,14,0,1964.3075809897803,1.3813598641837423,0
55,32,Carlson-Cruz,2645.7221779928295,2645.7221779928295,9,0,1965.759366744319,1.3459033810301315,0
56,13,Arnold Ltd,1225.6669007999246,1225.6669007999246,14,0,1307.945374500011,0.9370933409726389,0
57,25,"Walter, Edwards and Rios",1716.980882583402,1716.980882583402,15,1,1841.319704178954,0.9324729859169162,1
58,2,Doyle Ltd,495.88911567341955,495.88911567341955,0,0,944.1325143219481,0.5252325369067016,1
59,14,"Mcclure, Ward and Lee",1239.0469701698264,1239.0469701698264,14,1,1527.0658821149511,0.8113906444257499,1
60,18,"Flowers, Martin and Kelly",162.0908585722604,162.0908585722604,8,0,191.69558938161427,0.8455638394975337,1
61,40,"Romero, Gonzalez and Brooks",1037.2854692105434,1037.2854692105434,13,1,1292.7127943743421,0.8024098420968885,1
62,9,Garcia-James,358.44911002569177,358.44911002569177,18,1,357.0189084166718,1.0040059547976399,1
63,12,Dudley Group,3059.9227053664504,3059.9227053664504,15,0,1997.8557194510345,1.5316034464226715,0
64,17,James Group,843.1063044952589,843.1063044952589,9,1,1091.984182043731,0.7720865543283986,1
65,40,"Romero, Gonzalez and Brooks",1099.9608402658876,1099.9608402658876,18,0,1283.7591699378645,0.8568280297613197,0
66,35,"Dyer, Potter and Mack",1024.1792084271356,1024.1792084271356,18,0,1115.7560121710942,0.9179239880896864,0
67,2,Doyle Ltd,1355.0747166018434,1355.0747166018434,9,0,836.734314205895,1.6194802741989622,1
68,10,Abbott-Munoz,683.8306458318449,683.8306458318449,16,0,884.4869252519509,0.7731382186763835,0
69,33,"Ferrell, Rice and Maddox",729.3855543618034,729.3855543618034,12,0,709.287029858448,1.028336235765324,0
70,3,"Mcclain, Miller and Henderson",2718.624714604558,2718.624714604558,14,1,1211.6645182556615,2.2437107579236115,1
71,35,"Dyer, Potter and Mack",638.9619582783382,638.9619582783382,12,0,1192.7994622008537,0.5356826344466815,0
72,12,Dudley Group,1348.2375507584413,1348.2375507584413,16,0,2111.9680630915686,0.6383797057919742,0
73,37,Smith-Bowen,272.8645450884965,314.5920257247645,18,1,300.35280369955035,0.9084800998276982,1
74,12,Dudley Group,1972.8524767860554,1972.8524767860554,16,0,2070.327068023061,0.9529182645860474,0
75,18,"Flowers, Martin and Kelly",111.92860901227215,111.92860901227215,18,0,195.03973935228015,0.5738759156671506,0
76,27,Baker and Sons,1092.1420729218223,1092.1420729218223,0,0,941.7491181813637,1.1596953496817564,1
77,6,"Gardner, Robinson and Lawrence",1689.9640062394064,1689.9640062394064,18,0,2067.1385351564863,0.817537856073818,0
78,23,Perez Inc,2671.8563931972562,2671.8563931972562,8,0,1967.7708526642707,1.357808705002255,0
79,21,Gray-Mayo,1306.3542052357448,1306.3542052357448,10,0,1485.9565659761743,0.8791335057479001,0
80,32,Carlson-Cruz,1651.6961773356977,1726.0488023771893,15,0,2048.59486679908,0.8062580865080782,1
81,40,"Romero, Gonzalez and Brooks",1641.1087016512993,1641.1087016512993,14,0,1206.4523325970913,1.3602764546184243,0
82,27,Baker and Sons,1073.9175376229466,1073.9175376229466,8,0,943.1510055120464,1.138648563535068,0
83,17,James Group,742.369726803488,742.369726803488,9,0,1104.5762542552025,0.672085538634049,0
84,17,James Group,1294.33890083151,1294.33890083151,5,0,1035.5801075016996,1.2498684471199981,1
85,17,James Group,873.6411602874787,873.6411602874787,13,0,1088.1673250697036,0.8028555353208356,0
86,33,"Ferrell, Rice and Maddox",726.8807767911121,726.8807767911121,14,0,709.6001270547845,1.0243526587404252,0
87,13,Arnold Ltd,914.5536283584952,914.5536283584952,9,0,1328.6862593294397,0.6883142065607357,0
88,7,Blake and Sons,1715.327838924839,1715.327838924839,9,0,1458.9900106725454,1.1756953963887184,0
89,14,"Mcclure, Ward and Lee",1352.2632911819933,1352.2632911819933,0,0,1510.8921219703557,0.8950098233476164,1
90,1,"Rodriguez, Figueroa and Sanchez",1131.4764520024366,1131.4764520024366,9,0,1497.5469718677361,0.7555532302210611,0
91,5,"Guzman, Hoffman and Baldwin",279.29301088973097,287.96528912647693,0,0,266.27640148805074,1.0488838264635492,1
92,4,Davis and Sons,2026.4602498490472,2026.4602498490472,14,0,1412.906664748124,1.434249197352537,0
93,31,Burton Ltd,1345.5797733299453,1345.5797733299453,8,0,1593.2393747281276,0.8445559372141156,0
94,29,"Ross, Robinson and Bright",353.69220400557305,353.69220400557305,14,0,368.3343498894383,0.9602476774477854,0
95,28,"Hoffman, Baker and Richards",144.83422368631835,144.83422368631835,2,0,136.19756105270886,1.063412755462391,1
96,19,"Adams, Zuniga and Wong",1425.0917717887949,1417.8712251041488,13,0,1573.6372664561238,0.9056037259451426,1
97,29,"Ross, Robinson and Bright",307.0581211644691,307.0581211644691,13,0,372.9977581735487,0.823217068831821,0
98,7,Blake and Sons,1384.188579299037,1384.188579299037,15,0,1486.5849489746954,0.9311197320097437,0
99,37,Smith-Bowen,426.4682034131074,426.4682034131074,13,0,274.75219397878186,1.5521921671935477,0
100,21,Gray-Mayo,1178.203215038851,1178.203215038851,16,0,1500.1955648869402,0.7853664166295842,0
101,38,"Baker, Mason and White",534.8202319136432,534.8202319136432,16,0,1003.0947985122791,0.533170177641088,0
102,7,Blake and Sons,2295.0575832520094,2295.0575832520094,23,0,1410.679198645281,1.6269167259686144,1
103,20,"Reid, Ferguson and Sanchez",2424.329206096383,2424.329206096383,4,1,1367.1626009990382,1.773255942142385,1
104,28,"Hoffman, Baker and Richards",122.3693738551526,122.3693738551526,0,0,139.40682531430397,0.8777861025043856,1
105,20,"Reid, Ferguson and Sanchez",789.7912347726033,755.0207296915157,18,0,1530.6163981314162,0.5159955399254733,1
106,18,"Flowers, Martin and Kelly",166.35445835853247,166.35445835853247,16,0,191.4113493958628,0.869094016021435,1
107,7,Blake and Sons,1161.458653052176,1161.458653052176,5,0,1505.145776161934,0.7716585804823853,1
108,16,Galloway-Wyatt,569.9984988969,569.9984988969,13,0,532.6138673503209,1.0701908715455763,0
109,10,Abbott-Munoz,1058.3122647202115,1058.3122647202115,13,0,837.676722890905,1.2633898445546767,1
110,13,Arnold Ltd,898.537383818716,898.537383818716,10,0,1329.754008965425,0.6757169955951445,0
111,28,"Hoffman, Baker and Richards",161.28300621801785,161.28300621801785,14,0,133.84773497675178,1.204973743082252,0
112,26,Wilkerson-Day,717.5903568522436,717.5903568522436,9,0,401.0297226581091,1.789369506319642,0
113,25,"Walter, Edwards and Rios",1636.719520670598,1636.719520670598,18,0,1861.385044657155,0.8793019613908322,0
114,15,Williams and Sons,840.6863091700034,840.6863091700034,17,1,1092.9099959210446,0.7692182451506623,1
115,39,Harrell LLC,475.2967289497622,475.2967289497622,9,1,510.52835022942105,0.930989882807044,1
116,4,Davis and Sons,1644.2922216050606,1564.4737188103418,16,0,1442.3042053822767,1.1400453631550271,1
117,14,"Mcclure, Ward and Lee",1204.1018120113413,1204.1018120113413,9,0,1532.0580475661632,0.7859374610016799,1
118,5,"Guzman, Hoffman and Baldwin",151.58378577133735,151.58378577133735,15,0,276.91883691458355,0.5473942742945068,0
119,14,"Mcclure, Ward and Lee",1723.7930121591091,1723.7930121591091,8,0,1457.8164475450535,1.1824485963661318,0
120,39,Harrell LLC,446.671809384288,446.671809384288,5,0,512.7302671190729,0.8711633348544958,1
121,15,Williams and Sons,1451.7226093309416,1451.7226093309416,13,0,970.7027358888569,1.495537774498619,0
122,37,Smith-Bowen,290.42168945802155,290.42168945802155,15,0,297.4266129712962,0.9764482288814192,0
123,20,"Reid, Ferguson and Sanchez",1944.8693152487301,1934.8318150851476,16,0,1415.1085900838034,1.3743604758512236,1
124,28,"Hoffman, Baker and Richards",146.67386366420232,146.67386366420232,5,0,135.9347553415826,1.079001932181612,1
125,19,"Adams, Zuniga and Wong",1338.9569086729052,1286.3663888015205,12,0,1581.4677085575684,0.8466545990332908,1
126,11,Blair PLC,1046.7876687864969,1046.7876687864969,18,1,718.05417116743,1.4578115563128111,1
127,31,Burton Ltd,1385.4710051311336,1462.4117005944768,23,0,1588.2529707529793,0.8723238870910417,1
128,39,Harrell LLC,393.00971490550046,393.00971490550046,16,0,516.8581205405181,0.7603822002341766,0
129,11,Blair PLC,709.6461367141803,709.6461367141803,10,0,774.2444265128162,0.9165660254222489,0
130,32,Carlson-Cruz,1897.5424935217839,1897.5424935217839,15,0,2028.1076737835729,0.9356221654552439,0
131,11,Blair PLC,504.68709706280987,504.68709706280987,16,0,808.4042664547113,0.6243003878197414,0
132,29,"Ross, Robinson and Bright",234.2726367332379,234.2726367332379,11,0,380.27630661667183,0.616058988311861,0
133,32,Carlson-Cruz,2184.6885444846475,2184.6885444846475,16,0,2004.1788362033342,1.090066667215819,0
134,18,"Flowers, Martin and Kelly",153.07409563981216,153.07409563981216,17,0,192.29670691044413,0.7960307698410113,0
135,30,"Snyder, Campos and Callahan",727.8255953708813,727.8255953708813,16,1,1343.1822757661805,0.541866586912572,1
136,11,Blair PLC,940.6420656131364,994.6500062888485,16,0,735.7451050296568,1.278489057124234,1
137,4,Davis and Sons,1179.425120155709,1179.425120155709,14,0,1478.063213186073,0.7979530981042227,0
138,4,Davis and Sons,1014.3908521808098,1014.3908521808098,10,0,1490.75815687645,0.6804529946736892,0
139,18,"Flowers, Martin and Kelly",214.98187828154468,214.98187828154468,1,0,188.16952140099528,1.1424904345874984,1
140,37,Smith-Bowen,331.0319205615856,331.0319205615856,16,0,290.65824112070214,1.1389042997205692,1
141,6,"Gardner, Robinson and Lawrence",3542.180589131992,3542.180589131992,23,0,1924.6603364724413,1.8404185517867409,1
142,19,"Adams, Zuniga and Wong",1848.177181605373,1848.177181605373,12,0,1535.1749564727982,1.2038870057206545,0
143,29,"Ross, Robinson and Bright",386.5750089560289,386.5750089560289,13,0,365.0460693943927,1.058975952260909,1
144,9,Garcia-James,287.5669188212492,287.5669188212492,11,0,380.6463054848193,0.7554701429585208,0
145,29,"Ross, Robinson and Bright",430.347965274868,430.347965274868,11,0,360.66877376250875,1.1931944115523603,0
146,13,Arnold Ltd,1526.359881930312,1526.359881930312,9,0,1287.8991757579852,1.1851547936832727,0
147,33,"Ferrell, Rice and Maddox",937.1793708486558,937.1793708486558,18,0,683.3128027975915,1.3715232131048827,0
148,24,Morales-Jones,1572.663432073565,1572.663432073565,9,1,1817.1859091334695,0.8654389317950931,1
149,22,"Watts, Robinson and Nguyen",664.8677294696412,664.8677294696412,8,1,651.362765550057,1.0207333987047595,1
150,8,"Henderson, Ramirez and Lewis",1404.154977304575,1404.154977304575,18,0,1759.8570803433006,0.7978801193507499,0
151,19,"Adams, Zuniga and Wong",2027.600606481772,2027.600606481772,14,0,1518.8637360294895,1.3349456955119543,0
152,35,"Dyer, Potter and Mack",1404.418077861202,1350.448918368902,2,0,1039.708238284281,1.3507809461804041,1
153,1,"Rodriguez, Figueroa and Sanchez",1686.577526101529,1686.577526101529,12,0,1451.2885490261451,1.1621241876629353,0
154,31,Burton Ltd,1412.7634908014863,1412.7634908014863,16,0,1584.841410044185,0.8914226255370868,0
155,20,"Reid, Ferguson and Sanchez",1626.184210362644,1626.184210362644,12,0,1446.977100572412,1.123849306059743,1
156,29,"Ross, Robinson and Bright",199.82776360820856,199.82776360820856,9,0,383.72079392917476,0.520763447719468,0
157,27,Baker and Sons,780.8377554794884,780.8377554794884,16,0,965.6956041384663,0.8085754477220629,0
158,18,"Flowers, Martin and Kelly",143.4515976856256,143.4515976856256,9,0,192.93820677405657,0.7435105782527404,0
159,13,Arnold Ltd,730.9029693978187,730.9029693978187,5,0,1340.929636593485,0.5450718288653937,0
160,26,Wilkerson-Day,337.5852314369623,337.5852314369623,14,0,443.25251437091816,0.7616092870134687,0
161,6,"Gardner, Robinson and Lawrence",1553.1776412676486,1596.884226361932,18,0,2077.660563231237,0.7475608233387759,1
162,24,Morales-Jones,2366.3361675955252,2366.3361675955252,18,0,1717.9768171932246,1.3773970311552686,0
163,4,Davis and Sons,1326.0845814786192,1326.0845814786192,11,0,1466.7817161612338,0.9040776598641834,0
164,26,Wilkerson-Day,331.96322577572613,331.96322577572613,16,0,443.877181666611,0.7478717976204922,0
165,26,Wilkerson-Day,423.47267569511433,423.47267569511433,14,0,433.70946500890125,0.9763971272483601,0
166,4,Davis and Sons,1832.6980857143424,1832.6980857143424,4,0,1427.8114466046395,1.2835715038372402,1
167,31,Burton Ltd,1177.03478262748,1177.03478262748,13,0,1614.307498565936,0.7291267516709762,0
168,17,James Group,901.0880805908529,901.0880805908529,9,0,1084.7364600317817,0.830697698281896,0
169,32,Carlson-Cruz,2226.86286217621,2226.86286217621,12,0,2000.6643097290373,1.1130617222225592,1
170,2,Doyle Ltd,857.009331531091,857.009331531091,15,0,898.992487339739,0.9532997701316918,0
171,8,"Henderson, Ramirez and Lewis",1860.9416956953437,1860.9416956953437,18,0,1709.1030005221041,1.0888411611979238,0
172,20,"Reid, Ferguson and Sanchez",1277.3801006076878,1277.3801006076878,5,0,1481.8575115479075,0.8620127715743545,1
173,8,"Henderson, Ramirez and Lewis",1886.3191433792665,1886.3191433792665,8,0,1706.2832841127793,1.105513463645107,1
174,14,"Mcclure, Ward and Lee",1277.186865812385,1277.186865812385,15,0,1521.6173255945855,0.8393614112623966,0
175,27,Baker and Sons,957.209698202261,957.209698202261,17,0,952.1285316213299,1.005336639342462,0
176,6,"Gardner, Robinson and Lawrence",1852.2839567926965,1852.2839567926965,18,0,2054.6523851139254,0.9015072185507389,0
177,28,"Hoffman, Baker and Richards",99.9218829788534,99.9218829788534,12,0,142.61360972520384,0.700647597178058,0
178,5,"Guzman, Hoffman and Baldwin",158.05402862277947,158.05402862277947,9,0,276.3796500102967,0.5718728879528253,0
179,8,"Henderson, Ramirez and Lewis",1878.8290438110203,1878.8290438110203,10,0,1707.11551739814,1.1005869401706299,0
180,24,Morales-Jones,1641.0942905568736,1641.0942905568736,17,0,1808.632051823056,0.907367692009379,0
181,32,Carlson-Cruz,1499.8820872588078,1499.8820872588078,17,0,2061.2460409721543,0.7276579590427797,0
182,7,Blake and Sons,1497.772419948091,1497.772419948091,15,0,1477.1196289206075,1.013981799864494,0
183,12,Dudley Group,2462.2368800435383,2462.2368800435383,9,0,2037.7014411392288,1.2083403536618997,0
184,38,"Baker, Mason and White",552.7696102416003,552.7696102416003,9,0,1001.4630368461011,0.5519620693964231,0
185,40,"Romero, Gonzalez and Brooks",932.8421834232197,932.8421834232197,13,0,1307.6332637725313,0.7133821150526283,0
186,24,Morales-Jones,1422.4486027680227,1422.4486027680227,4,0,1835.9627627966624,0.7747698545918508,1
187,18,"Flowers, Martin and Kelly",251.36259043070154,251.36259043070154,14,0,185.7441405910515,1.353273323351398,0
188,14,"Mcclure, Ward and Lee",1775.4895229211538,1775.4895229211538,8,0,1450.4312317219042,1.2241114808410125,0
189,25,"Walter, Edwards and Rios",1899.390743268114,1899.390743268114,15,0,1795.7172390077762,1.0577337578591286,0
190,24,Morales-Jones,1347.2441497204993,1347.2441497204993,13,0,1845.3633194276028,0.730069865124657,0
191,12,Dudley Group,1403.7981878950989,1403.7981878950989,8,0,2108.264020615791,0.6658550229800304,0
192,1,"Rodriguez, Figueroa and Sanchez",1743.920023430295,1743.920023430295,4,0,1446.5100075820812,1.2056052251898004,1
193,7,Blake and Sons,1556.7374731163852,1556.7374731163852,9,0,1472.2058744899166,1.057418327213072,0
194,39,Harrell LLC,564.8864908650008,549.521087992111,12,0,503.636830082095,1.121614737295765,1
195,17,James Group,1177.0616722714967,1177.0616722714967,15,0,1050.2397610717012,1.1207551988608602,0
196,20,"Reid, Ferguson and Sanchez",1556.8502803943984,1564.1965438620218,17,0,1453.9104935692367,1.0708020110457093,1
197,19,"Adams, Zuniga and Wong",1109.8054146461534,1058.2942181490312,12,0,1602.2996625600003,0.6926328704788048,1
198,32,Carlson-Cruz,2606.185974832054,2556.9213211245947,11,0,1969.0540503410505,1.323572592829866,1
199,3,"Mcclain, Miller and Henderson",1083.1165375569644,1083.1165375569644,18,0,2029.4186067794583,0.5337077988438239,0
200,4,Davis and Sons,1445.2098626921097,1445.2098626921097,13,0,1457.6182329909655,0.9914872289478746,0
201,12,Dudley Group,2343.803600124942,2343.803600124942,11,0,2045.5969931338016,1.1457797444912625,0
202,20,"Reid, Ferguson and Sanchez",2008.9687134949154,2026.1744749527873,4,0,1408.698650259185,1.4261167305905258,1
203,27,Baker and Sons,767.9779295187767,792.0476908003385,12,0,966.6848215200595,0.7944450067098117,1
204,20,"Reid, Ferguson and Sanchez",1189.3497223510303,1228.4340296234298,8,0,1490.6605493735735,0.7978675781356364,0
205,18,"Flowers, Martin and Kelly",272.56956446160007,272.56956446160007,11,0,184.33034232232495,1.4787015584497623,0
206,38,"Baker, Mason and White",1298.7245272470523,1298.7245272470523,13,0,933.6489534819692,1.3910201713433756,0
207,7,Blake and Sons,1218.7321361860174,1218.7321361860174,18,0,1500.3729859007806,0.812286109946405,0
208,23,Perez Inc,2405.8819127023853,2405.8819127023853,16,0,1989.93539270551,1.2090251379625727,0
209,22,"Watts, Robinson and Nguyen",869.8724471505283,869.8724471505283,16,0,610.3618220138795,1.4251750613765413,0
210,19,"Adams, Zuniga and Wong",1858.5360398800758,1858.5360398800758,13,0,1534.2332420841892,1.2113777676693638,0
211,33,"Ferrell, Rice and Maddox",936.696908262056,936.696908262056,9,0,683.3731106209166,1.3706961741748487,0
212,11,Blair PLC,906.1405868971023,934.9632594743694,12,0,741.4953514823292,1.2220448652653446,1
213,39,Harrell LLC,577.4758803905391,584.7134881480165,18,0,502.6684155032075,1.1488206988546197,1
214,14,"Mcclure, Ward and Lee",1689.3345535362437,1689.3345535362437,8,0,1462.739084491177,1.154911748409245,0
215,22,"Watts, Robinson and Nguyen",645.0913897815543,645.0913897815543,17,0,655.3180334876744,0.9843943807685366,0
216,21,Gray-Mayo,1109.7967079850498,1109.7967079850498,15,0,1507.7962878929181,0.7360388912589405,0
217,34,Frazier Inc,1176.0916736765967,1176.0916736765967,11,0,839.3065835704202,1.4012658743524786,1
218,18,"Flowers, Martin and Kelly",268.76854955381094,268.76854955381094,16,0,184.58374331617753,1.4560792013705748,0
219,12,Dudley Group,2608.7486798129767,2608.7486798129767,17,0,2027.933987821266,1.2864070997773036,0
220,1,"Rodriguez, Figueroa and Sanchez",1661.939662036505,1661.939662036505,5,0,1453.341704364897,1.1435298781044505,1
221,15,Williams and Sons,1282.0378532075451,1282.0378532075451,5,0,1004.6396871135363,1.2761170692858161,1
222,34,Frazier Inc,774.7273953594246,774.7273953594246,8,0,875.7942452356176,0.8845997785141844,0
223,1,"Rodriguez, Figueroa and Sanchez",1640.3036159106755,1640.3036159106755,9,0,1455.144708208716,1.127244326050493,1
224,36,Rodriguez-Graham,319.13753088331384,319.13753088331384,15,0,426.6143632896058,0.7480702909823698,0
225,22,"Watts, Robinson and Nguyen",818.6755177951852,775.628565176532,18,0,620.6012078849482,1.3191652020550975,1
226,6,"Gardner, Robinson and Lawrence",1409.7733168236134,1409.7733168236134,8,0,2088.691665111547,0.6749552077847374,0
227,13,Arnold Ltd,1288.933536156839,1288.933536156839,15,0,1303.72759880955,0.9886524894723255,0
228,23,Perez Inc,1904.518677586203,1904.518677586203,9,0,2031.715662298525,0.9373942982905289,0
229,13,Arnold Ltd,2046.2415698969373,2046.2415698969373,15,0,1253.2403965602102,1.6327606223939881,0
230,5,"Guzman, Hoffman and Baldwin",292.17698947289,292.17698947289,14,0,265.2027366061208,1.101711819462977,0
231,27,Baker and Sons,962.8570999589913,962.8570999589913,8,0,951.6941161015814,1.011729592175201,0
232,27,Baker and Sons,1021.7176677754512,1021.7176677754512,15,0,947.1663801156999,1.0787098119452303,0
233,5,"Guzman, Hoffman and Baldwin",236.2426628982422,236.2426628982422,17,0,269.8639304873415,0.8754140002023116,0
234,12,Dudley Group,1765.32891490126,1713.6945126617034,0,0,2084.161972148714,0.8470209794113335,1
235,10,Abbott-Munoz,770.2994282573443,770.2994282573443,17,0,873.6783274487634,0.8816739571722045,0
236,27,Baker and Sons,702.3731150823216,702.3731150823216,8,0,971.731345707479,0.7228058641773583,1
237,30,"Snyder, Campos and Callahan",1570.3487254358147,1515.5771469362883,10,0,1249.5685946478545,1.2567127024173974,1
238,30,"Snyder, Campos and Callahan",884.1004260470971,884.1004260470971,10,0,1325.8184056910454,0.666833724929535,0
239,38,"Baker, Mason and White",948.0948961546688,948.0948961546688,12,0,965.5243744903677,0.9819481736596255,0
240,31,Burton Ltd,1926.901804216017,1926.901804216017,9,0,1520.5741208673687,1.2672199123820875,0
241,13,Arnold Ltd,1701.3471407330196,1701.3471407330196,17,0,1276.2333585044714,1.3331003530002612,0
242,5,"Guzman, Hoffman and Baldwin",301.95126360830676,301.95126360830676,16,0,264.38821376150275,1.1420753569623516,0
243,25,"Walter, Edwards and Rios",1583.1747475526965,1583.1747475526965,16,0,1874.7712379366308,0.8444628952677636,0
244,37,Smith-Bowen,245.57829570638376,245.57829570638376,5,0,304.9005119299025,0.8054374659851109,1
245,40,"Romero, Gonzalez and Brooks",1034.290540534577,1034.290540534577,10,0,1293.1406413280515,0.7998283461823331,0
246,10,Abbott-Munoz,1011.7685290755131,1011.7685290755131,8,0,843.4946898464923,1.1994960267736186,0
247,10,Abbott-Munoz,1020.5774564701637,1020.5774564701637,18,0,842.3935739221611,1.2115209423053686,0
248,2,Doyle Ltd,1249.7085135874645,1249.7085135874645,11,0,849.9050895826923,1.4704094950191176,0
249,6,"Gardner, Robinson and Lawrence",2570.4651250703564,2570.4651250703564,15,0,1999.407679861798,1.285613309861864,0
250,23,Perez Inc,1879.6856225316767,1879.6856225316767,18,0,2033.785083553069,0.9242302137686166,0
251,22,"Watts, Robinson and Nguyen",543.1516248138536,543.1516248138536,8,0,675.7059864812145,0.8038283449912189,0
252,15,Williams and Sons,844.5240668945709,844.5240668945709,8,0,1092.1424443761312,0.7732728191669097,0
253,13,Arnold Ltd,1378.3983882695634,1372.4631474239725,8,0,1297.7632753353685,1.0621339149186182,1
254,34,Frazier Inc,822.8049124313392,822.8049124313392,9,0,871.4235618654437,0.9442077864752391,1
255,19,"Adams, Zuniga and Wong",1466.9175010577626,1466.9175010577626,8,0,1569.8349274316722,0.9344406060946244,0
256,33,"Ferrell, Rice and Maddox",585.7698247273745,585.7698247273745,17,0,727.2389960627518,0.8054708670721912,0
257,39,Harrell LLC,532.3511423915477,532.3511423915477,14,0,506.13954919543755,1.0517872852215882,0
258,13,Arnold Ltd,1180.710402353752,1180.710402353752,18,0,1310.9424743964225,0.9006576759955609,0
259,9,Garcia-James,318.68835256238,318.68835256238,16,0,370.2724942377758,0.8606860015849022,0
260,39,Harrell LLC,527.2849533399635,527.2849533399635,18,0,506.5292560455594,1.0409763050143293,0
261,26,Wilkerson-Day,323.0704389980692,323.0704389980692,10,0,444.86526908635074,0.7262208615691227,0
262,12,Dudley Group,1646.6702889684948,1646.6702889684948,11,0,2092.0725472108984,0.7870999938141708,0
263,25,"Walter, Edwards and Rios",2245.9938052244083,2245.9938052244083,17,0,1709.0664735187027,1.3141641007094684,0
264,21,Gray-Mayo,1142.9552284299584,1142.9552284299584,10,0,1504.112007843484,0.7598870446281903,0
265,37,Smith-Bowen,178.70091448550247,178.70091448550247,8,0,316.0467421333827,0.5654255863523013,0
266,11,Blair PLC,485.35976194092217,485.35976194092217,15,0,811.6254889750257,0.5980095112018555,0
267,40,"Romero, Gonzalez and Brooks",1366.042559662306,1366.042559662306,16,0,1245.747495738376,1.0965645641154824,0
268,38,"Baker, Mason and White",985.2102572757686,985.2102572757686,18,0,962.1502507520859,1.0239671574223022,0
269,8,"Henderson, Ramirez and Lewis",1536.963568187203,1536.963568187203,18,0,1745.1005702452308,0.880730654950861,0
270,7,Blake and Sons,2078.3434173368137,2078.3434173368137,9,0,1428.7387124715476,1.454670052119976,0
271,22,"Watts, Robinson and Nguyen",380.0228482091634,380.0228482091634,16,0,708.3317418021526,0.5365040499841236,0
272,2,Doyle Ltd,1000.061027559914,1000.061027559914,17,0,881.1110253361362,1.1350000156659026,0
273,12,Dudley Group,2744.0229505315156,2744.0229505315156,15,0,2018.9157031066968,1.3591567722758446,0
274,18,"Flowers, Martin and Kelly",131.58546601954123,131.58546601954123,17,0,193.72928221846217,0.6792234220491077,0
275,39,Harrell LLC,447.86349045486037,447.86349045486037,3,0,512.6385993444136,0.8736437151389094,1
276,40,"Romero, Gonzalez and Brooks",1123.4647658884323,1123.4647658884323,17,0,1280.4014662775007,0.8774316458373568,0
277,7,Blake and Sons,1226.8343759194245,1226.8343759194245,2,0,1499.6977992563297,0.8180543950439797,1
278,36,Rodriguez-Graham,386.6131120534705,386.6131120534705,12,0,415.36843309457976,0.9307715301644947,1
279,4,Davis and Sons,2014.492213440773,2014.492213440773,8,0,1413.827282933376,1.4248502895354738,0
280,30,"Snyder, Campos and Callahan",2187.674107413071,2194.409614506717,13,0,1180.9768855392706,1.8524275404544528,1
281,34,Frazier Inc,1243.5966419528343,1243.5966419528343,10,0,833.1697682725807,1.4926089367491044,0
282,36,Rodriguez-Graham,423.21659928231156,423.21659928231156,9,0,409.2678518897729,1.0340821966057951,1
283,9,Garcia-James,464.80145386638634,464.80145386638634,9,0,321.56812713644035,1.4454214041840425,0
284,36,Rodriguez-Graham,409.79839586867206,444.3956374799282,3,0,411.5042191253795,0.995854663992673,0
285,5,"Guzman, Hoffman and Baldwin",517.2466472307083,517.2466472307083,15,0,246.4469317929693,2.098815527820113,0
286,21,Gray-Mayo,1890.7214687197943,1890.7214687197943,13,0,1421.0268700335023,1.3305318207496093,0
287,19,"Adams, Zuniga and Wong",1394.222014419427,1394.222014419427,23,0,1576.4436080351572,0.8844096974436992,0
288,13,Arnold Ltd,1663.400341609987,1663.400341609987,13,0,1278.7631451126733,1.3007884595105552,1
289,1,"Rodriguez, Figueroa and Sanchez",1424.361869945102,1384.2888506981071,16,0,1473.1398537058474,0.9668884229572372,1
290,31,Burton Ltd,1885.3970282316911,1885.3970282316911,14,0,1525.7622178654094,1.2357082946184252,1
291,14,"Mcclure, Ward and Lee",1667.2921171824305,1667.2921171824305,14,0,1465.888003970293,1.1373939295953328,0
292,27,Baker and Sons,1029.354956432884,1029.354956432884,8,0,946.5788963728204,1.0874476077770714,0
293,17,James Group,1135.4031192236646,1135.4031192236646,17,0,1055.4470802026801,1.0757556115514861,0
294,15,Williams and Sons,994.953164444685,994.953164444685,23,0,1062.0566248661085,0.9368174362361488,1
295,36,Rodriguez-Graham,466.48760892497006,466.48760892497006,12,0,402.05601694932983,1.1602552611064652,0
296,4,Davis and Sons,868.7100283342216,868.7100283342216,9,0,1501.9643740954182,0.5783825790524599,0
297,30,"Snyder, Campos and Callahan",1632.5372935084756,1632.5372935084756,16,0,1242.6587537508922,1.3137454579390826,0
298,30,"Snyder, Campos and Callahan",1081.1090411652951,1081.1090411652951,16,0,1303.9285595668014,0.8291167742536963,0
299,16,Galloway-Wyatt,343.837326622672,343.837326622672,8,0,608.0009247750636,0.5655210586231892,0
300,11,Blair PLC,761.8493787764295,761.8493787764295,10,0,765.5438861691079,0.9951740096689085,0
301,1,"Rodriguez, Figueroa and Sanchez",1592.29645885315,1592.29645885315,8,0,1459.1453046301765,1.0912528408243214,0
302,38,"Baker, Mason and White",822.0072515916302,822.0072515916302,10,0,976.9868876324621,0.8413697890906244,0
303,38,"Baker, Mason and White",1203.3729956203515,1203.3729956203515,9,0,942.317274538942,1.2770359072629112,0
304,10,Abbott-Munoz,663.6534361384574,663.6534361384574,15,0,887.0090764636243,0.748192384664593,0
305,2,Doyle Ltd,818.1918944467757,818.1918944467757,13,0,903.8446669752784,0.9052350745010863,0
306,5,"Guzman, Hoffman and Baldwin",201.86272377716557,177.4047357880755,18,0,272.7289254140979,0.7401588352635033,1
307,3,"Mcclain, Miller and Henderson",1340.2124989543586,1340.2124989543586,16,0,1900.8706260807612,0.7050519275568088,0
308,34,Frazier Inc,925.7170197921436,925.7170197921436,14,0,862.0679157417343,1.0738330506079035,0
309,36,Rodriguez-Graham,426.1283431389657,426.1283431389657,13,0,408.7825612469972,1.042432783431502,0
310,7,Blake and Sons,956.0329708949631,956.0329708949631,8,0,1522.2645830083684,0.6280333797201058,0
311,30,"Snyder, Campos and Callahan",846.9144432625246,846.9144432625246,8,0,1329.9501815559981,0.6368016298713253,0
312,8,"Henderson, Ramirez and Lewis",1577.958071960002,1550.8500257419112,14,0,1740.5456253815864,0.9065881692208213,1
313,15,Williams and Sons,891.3122857274807,891.3122857274807,8,0,1082.7848006095494,0.8231666026579981,0
314,24,Morales-Jones,1779.096677758871,1779.096677758871,8,0,1791.3817534228065,0.993142123034098,1
315,29,"Ross, Robinson and Bright",371.2182245778573,371.2182245778573,10,0,366.5817478322098,1.01264786578455,0
316,35,"Dyer, Potter and Mack",1223.7768188446214,1223.7768188446214,5,0,1075.836490087597,1.1375119082872702,1
317,2,Doyle Ltd,686.1227934068831,686.1227934068831,17,0,920.3533046052651,0.7454993533175369,0
318,8,"Henderson, Ramirez and Lewis",1180.8311757115268,1180.8311757115268,13,0,1784.6708360758614,0.6616520827492992,0
319,12,Dudley Group,1413.0274903235106,1413.0274903235106,15,0,2107.6487337872304,0.6704283629769957,0
320,13,Arnold Ltd,1403.3238552772327,1403.3238552772327,12,0,1296.1015775348571,1.08272675506368,0
321,40,"Romero, Gonzalez and Brooks",1851.2799691946725,1851.2799691946725,9,0,1176.4278658051808,1.573645119267558,0
322,32,Carlson-Cruz,1738.6721807175447,1738.6721807175447,12,0,2041.3468665172595,0.8517279494414842,0
323,13,Arnold Ltd,698.5066899138207,698.5066899138207,9,0,1343.0893885590847,0.5200746099730593,0
324,39,Harrell LLC,321.6428889161155,321.6428889161155,3,0,522.3478763858554,0.6157637533468591,1
325,20,"Reid, Ferguson and Sanchez",1040.7729947278788,1040.7729947278788,16,0,1505.5182221358887,0.6913054783563677,0
326,21,Gray-Mayo,1329.3696335305362,1329.3696335305362,10,0,1483.3992961656418,0.8961643954980641,0
327,18,"Flowers, Martin and Kelly",157.51246635921603,133.51830577920123,5,0,192.00081552915054,0.8203739443768232,1
328,6,"Gardner, Robinson and Lawrence",2538.1281362140694,2538.1281362140694,12,0,2001.8951405430505,1.2678626791239205,0
329,38,"Baker, Mason and White",825.609112115193,825.609112115193,18,0,976.6594457666837,0.8453398118390028,0
330,1,"Rodriguez, Figueroa and Sanchez",1256.8424042695965,1229.6399395513445,14,0,1487.099809178806,0.8451634493609677,1
331,7,Blake and Sons,1045.1006198349196,1045.1006198349196,13,0,1514.8422789300387,0.68990721632954,0
332,10,Abbott-Munoz,1023.2373959353489,1023.2373959353489,13,0,842.0610814890128,1.215158161835437,0
333,12,Dudley Group,1905.4225961108482,1905.4225961108482,16,0,2074.8223934014077,0.9183545551516581,0
334,6,"Gardner, Robinson and Lawrence",1881.804825682489,1881.804825682489,10,0,2052.38154904548,0.9168883956093239,0
335,1,"Rodriguez, Figueroa and Sanchez",2319.266713424185,2319.266713424185,15,0,1398.5644500825902,1.6583195098997578,0
336,28,"Hoffman, Baker and Richards",115.90948446892162,115.90948446892162,17,0,140.3296666551941,0.825979903121443,1
337,39,Harrell LLC,824.2836018974964,824.2836018974964,14,0,483.68320615651834,1.7041807352533156,0
338,5,"Guzman, Hoffman and Baldwin",220.84222941916462,208.31255599542894,12,0,271.1472999439313,0.8144732750974512,1
339,12,Dudley Group,1419.073541604038,1419.073541604038,2,0,2107.2456637018618,0.6734257737710129,1
340,21,Gray-Mayo,1266.4252021977734,1266.4252021977734,9,0,1490.3931218692824,0.8497256083746524,0
341,38,"Baker, Mason and White",1079.641243567651,1079.641243567651,10,0,953.5656156346421,1.132214947630111,0
342,28,"Hoffman, Baker and Richards",155.5950756411037,155.5950756411037,18,0,134.66029648773954,1.1554636347861467,0
343,31,Burton Ltd,1285.883664605448,1285.883664605448,4,0,1600.7013883186899,0.8033251385857089,1
344,24,Morales-Jones,2293.210157584804,2293.210157584804,4,0,1727.1175684445648,1.3277672577032842,1
345,17,James Group,1511.1461354917947,1511.1461354917947,13,0,1008.4792031691641,1.498440553600898,0
346,8,"Henderson, Ramirez and Lewis",2266.6136058956795,2266.6136058956795,11,0,1664.0283438331778,1.362124397877992,0
347,35,"Dyer, Potter and Mack",1102.282223628579,1102.282223628579,12,0,1100.1354091308053,1.0019514093264845,0
348,33,"Ferrell, Rice and Maddox",963.7198311672263,940.3600935509654,14,0,679.9952452577702,1.4172449555906863,1
349,2,Doyle Ltd,836.6084830892264,836.6084830892264,13,0,901.5425933949721,0.9279744398307118,0
350,29,"Ross, Robinson and Bright",282.49160183665526,282.49160183665526,15,0,375.45441010633004,0.7523992107501217,0
351,4,Davis and Sons,1452.5233781786617,1452.5233781786617,10,0,1457.0556548766149,0.9968894278795843,0
352,30,"Snyder, Campos and Callahan",1197.971793036675,1197.971793036675,15,0,1290.94380935887,0.9279813608863671,0
353,34,Frazier Inc,740.9687590746978,699.1731654113074,12,0,878.863212170593,0.843099072544717,1
354,6,"Gardner, Robinson and Lawrence",2165.2591017177283,2165.2591017177283,18,0,2030.577373965846,1.06632681397845,1
355,18,"Flowers, Martin and Kelly",164.60265711153107,164.60265711153107,9,0,191.52813614566284,0.8594176313935716,0
356,5,"Guzman, Hoffman and Baldwin",238.11047266512412,238.11047266512412,9,0,269.7082796734347,0.8828445050090065,0
357,23,Perez Inc,1945.7857402252207,1945.7857402252207,13,0,2028.2767404119404,0.9593295142900639,0
358,38,"Baker, Mason and White",1093.5742888164727,1093.5742888164727,13,0,952.2989751574764,1.148351848888249,0
359,4,Davis and Sons,1886.6876461468134,1886.6876461468134,15,0,1423.6584034944497,1.325239005028055,0
360,16,Galloway-Wyatt,744.4099871789791,744.4099871789791,12,0,474.47670458962784,1.568907345667929,0
361,39,Harrell LLC,532.1072813052347,532.1072813052347,1,0,506.1583077405386,1.0512665171505942,1
362,13,Arnold Ltd,1512.858881437924,1533.4376754392895,18,0,1288.7992424574777,1.1738514670083218,1
363,6,"Gardner, Robinson and Lawrence",1910.0372927348392,1910.0372927348392,13,0,2050.2098208106836,0.9316301548002447,0
364,20,"Reid, Ferguson and Sanchez",1621.4085522251405,1621.4085522251405,9,0,1447.4546663861624,1.1201791599271886,1
365,21,Gray-Mayo,1897.6746184854815,1897.6746184854815,9,0,1420.2542978373147,1.3361512944373104,0
366,27,Baker and Sons,1012.2654154820101,1012.2654154820101,18,0,947.8934764459646,1.0679105201540178,0
367,13,Arnold Ltd,1629.4017585301865,1629.4017585301865,9,0,1281.0297173179936,1.2719468849962015,0
368,39,Harrell LLC,556.7586164600439,556.7586164600439,18,0,504.2620511901687,1.1041057227010675,1
369,21,Gray-Mayo,2063.1081504053595,2063.1081504053595,1,0,1401.8727942906617,1.4716799975059638,0
370,12,Dudley Group,1996.51929625024,1996.51929625024,11,0,2068.7492800587816,0.9650851920506823,0
371,39,Harrell LLC,450.570936440801,450.570936440801,9,0,512.4303342685719,0.8792823264140536,0
372,37,Smith-Bowen,329.9157985727016,329.9157985727016,0,0,290.8442614521828,1.1343383463212748,1
373,20,"Reid, Ferguson and Sanchez",616.0508858053533,682.423975958143,11,0,1547.990433028141,0.39796814803322117,1
374,1,"Rodriguez, Figueroa and Sanchez",1013.4052405266177,1029.8710246860928,14,0,1507.386239490721,0.6722930155372803,1
375,24,Morales-Jones,2018.760480459674,2018.760480459674,12,0,1761.423778085206,1.1460958490376525,0
376,23,Perez Inc,1452.889758258832,1452.889758258832,16,0,2069.351405575806,0.7020990994299294,0
377,6,"Gardner, Robinson and Lawrence",1634.0579190655567,1634.0579190655567,14,0,2071.4390034006287,0.7888515743804019,1
378,26,Wilkerson-Day,605.0813272886487,605.0813272886487,12,0,413.53072594295304,1.4632076634908147,0
379,34,Frazier Inc,684.3643091219882,684.3643091219882,14,0,884.0090712572029,0.7741598263790577,0
380,5,"Guzman, Hoffman and Baldwin",409.33606478773015,470.6489586435946,18,0,255.43948032988416,1.6024776759610462,1
381,29,"Ross, Robinson and Bright",525.641139621787,525.641139621787,0,0,351.1394563278169,1.4969583456068771,1
382,6,"Gardner, Robinson and Lawrence",2017.4790389905868,2017.4790389905868,12,0,2041.945071098703,0.988018271179571,0
383,30,"Snyder, Campos and Callahan",1075.6297069607601,1075.6297069607601,9,0,1304.5373744784165,0.824529621001331,0
384,17,James Group,1100.8246608495624,1100.8246608495624,12,0,1059.769387499443,1.0387398181475977,0
385,1,"Rodriguez, Figueroa and Sanchez",1545.3947094324437,1624.8973468132822,17,0,1463.0537837485688,1.0562801768455188,1
386,39,Harrell LLC,461.96174623108254,461.96174623108254,3,0,511.554118130858,0.9030554732293457,1
387,7,Blake and Sons,1274.4002320342638,1313.7698851495024,10,0,1495.733977913427,0.8520233215615471,1
388,24,Morales-Jones,1669.296746623487,1669.296746623487,18,0,1805.1067448147296,0.9247634531412813,0
389,8,"Henderson, Ramirez and Lewis",1541.3613081365218,1541.3613081365218,14,0,1744.6119324730842,0.8834980888566758,0
390,38,"Baker, Mason and White",1033.7066002731692,1033.7066002731692,14,0,957.7414922977767,1.079316922767061,0
391,30,"Snyder, Campos and Callahan",1612.3549450659125,1612.3549450659125,11,0,1244.9012369111774,1.2951669556264989,1
392,33,"Ferrell, Rice and Maddox",533.7968765534613,474.3333669246687,18,0,733.7356145844908,0.7275057472244231,1
393,18,"Flowers, Martin and Kelly",229.9292303131113,229.9292303131113,8,0,187.1730312655575,1.2284314078714262,0
394,19,"Adams, Zuniga and Wong",1500.9053285092546,1500.9053285092546,11,0,1566.745124936082,0.9579767025415103,0
395,26,Wilkerson-Day,301.4237566126665,301.4237566126665,12,0,447.27045601806213,0.6739183251587136,0
396,32,Carlson-Cruz,2163.894796013363,2163.894796013363,3,0,2005.9116485759414,1.0787587766139044,1
397,34,Frazier Inc,867.2613524288963,867.2613524288963,13,0,867.382067320211,0.9998608284677966,0
398,1,"Rodriguez, Figueroa and Sanchez",1063.4339237747022,1063.4339237747022,13,0,1503.2171825533806,0.7074386430098824,0
399,27,Baker and Sons,1016.7983319570873,1016.7983319570873,9,0,947.5447905632664,1.0730873538470442,0
400,5,"Guzman, Hoffman and Baldwin",280.8167125355374,280.8167125355374,1,0,266.1494263509002,1.0551092158481654,0
